code_stif_arret;code_stif_res;code_stif_trns;libelle_arret;jour;cat_day;nb_vald;tranche_horaire;validations_horaires;pourc_validations
689;110;100;PORTE DE CLICHY;2022-01-01;SAHV;1254;0H-1H;21.694200000000002;1.73
689;110;100;PORTE DE CLICHY;2022-01-01;SAHV;1254;10H-11H;65.3334;5.21
689;110;100;PORTE DE CLICHY;2022-01-01;SAHV;1254;11H-12H;75.9924;6.06
689;110;100;PORTE DE CLICHY;2022-01-01;SAHV;1254;12H-13H;92.4198;7.37
689;110;100;PORTE DE CLICHY;2022-01-01;SAHV;1254;13H-14H;83.391;6.65
689;110;100;PORTE DE CLICHY;2022-01-01;SAHV;1254;14H-15H;87.78;7.0
689;110;100;PORTE DE CLICHY;2022-01-01;SAHV;1254;15H-16H;83.391;6.65
689;110;100;PORTE DE CLICHY;2022-01-01;SAHV;1254;16H-17H;85.5228;6.82
689;110;100;PORTE DE CLICHY;2022-01-01;SAHV;1254;17H-18H;94.05;7.5
689;110;100;PORTE DE CLICHY;2022-01-01;SAHV;1254;18H-19H;97.4358;7.77
689;110;100;PORTE DE CLICHY;2022-01-01;SAHV;1254;19H-20H;88.2816;7.04
689;110;100;PORTE DE CLICHY;2022-01-01;SAHV;1254;1H-2H;7.524;0.6
689;110;100;PORTE DE CLICHY;2022-01-01;SAHV;1254;20H-21H;64.0794;5.11
689;110;100;PORTE DE CLICHY;2022-01-01;SAHV;1254;21H-22H;44.0154;3.51
689;110;100;PORTE DE CLICHY;2022-01-01;SAHV;1254;22H-23H;35.3628;2.82
689;110;100;PORTE DE CLICHY;2022-01-01;SAHV;1254;23H-0H;32.7294;2.61
689;110;100;PORTE DE CLICHY;2022-01-01;SAHV;1254;2H-3H;0.7524;0.06
689;110;100;PORTE DE CLICHY;2022-01-01;SAHV;1254;3H-4H;0.0;0.0
689;110;100;PORTE DE CLICHY;2022-01-01;SAHV;1254;4H-5H;0.1254;0.01
689;110;100;PORTE DE CLICHY;2022-01-01;SAHV;1254;5H-6H;11.536800000000001;0.92
689;110;100;PORTE DE CLICHY;2022-01-01;SAHV;1254;6H-7H;24.0768;1.92
689;110;100;PORTE DE CLICHY;2022-01-01;SAHV;1254;7H-8H;44.8932;3.58
689;110;100;PORTE DE CLICHY;2022-01-01;SAHV;1254;8H-9H;53.54579999999999;4.27
689;110;100;PORTE DE CLICHY;2022-01-01;SAHV;1254;9H-10H;60.192;4.8
689;110;100;PORTE DE CLICHY;2022-02-01;JOHV;1768;0H-1H;16.265600000000003;0.92
689;110;100;PORTE DE CLICHY;2022-02-01;JOHV;1768;10H-11H;70.8968;4.01
689;110;100;PORTE DE CLICHY;2022-02-01;JOHV;1768;11H-12H;68.952;3.9
689;110;100;PORTE DE CLICHY;2022-02-01;JOHV;1768;12H-13H;88.75359999999999;5.02
689;110;100;PORTE DE CLICHY;2022-02-01;JOHV;1768;13H-14H;79.56;4.5
689;110;100;PORTE DE CLICHY;2022-02-01;JOHV;1768;14H-15H;78.49920000000002;4.44
689;110;100;PORTE DE CLICHY;2022-02-01;JOHV;1768;15H-16H;96.7096;5.47
689;110;100;PORTE DE CLICHY;2022-02-01;JOHV;1768;16H-17H;129.7712;7.34
689;110;100;PORTE DE CLICHY;2022-02-01;JOHV;1768;17H-18H;182.4576;10.32
689;110;100;PORTE DE CLICHY;2022-02-01;JOHV;1768;18H-19H;166.7224;9.43
689;110;100;PORTE DE CLICHY;2022-02-01;JOHV;1768;19H-20H;118.456;6.7
689;110;100;PORTE DE CLICHY;2022-02-01;JOHV;1768;1H-2H;1.5912;0.09
689;110;100;PORTE DE CLICHY;2022-02-01;JOHV;1768;20H-21H;68.952;3.9
689;110;100;PORTE DE CLICHY;2022-02-01;JOHV;1768;21H-22H;40.310399999999994;2.28
689;110;100;PORTE DE CLICHY;2022-02-01;JOHV;1768;22H-23H;46.3216;2.62
689;110;100;PORTE DE CLICHY;2022-02-01;JOHV;1768;23H-0H;40.663999999999994;2.3
689;110;100;PORTE DE CLICHY;2022-02-01;JOHV;1768;2H-3H;0.17679999999999998;0.01
689;110;100;PORTE DE CLICHY;2022-02-01;JOHV;1768;3H-4H;0.0;0.0
689;110;100;PORTE DE CLICHY;2022-02-01;JOHV;1768;4H-5H;0.17679999999999998;0.01
689;110;100;PORTE DE CLICHY;2022-02-01;JOHV;1768;5H-6H;19.448;1.1
689;110;100;PORTE DE CLICHY;2022-02-01;JOHV;1768;6H-7H;42.431999999999995;2.4
689;110;100;PORTE DE CLICHY;2022-02-01;JOHV;1768;7H-8H;125.70480000000002;7.11
689;110;100;PORTE DE CLICHY;2022-02-01;JOHV;1768;8H-9H;169.19760000000002;9.57
689;110;100;PORTE DE CLICHY;2022-02-01;JOHV;1768;9H-10H;115.804;6.55
689;110;100;PORTE DE CLICHY;2022-03-01;JOHV;4402;0H-1H;40.498400000000004;0.92
689;110;100;PORTE DE CLICHY;2022-03-01;JOHV;4402;10H-11H;176.52020000000002;4.01
689;110;100;PORTE DE CLICHY;2022-03-01;JOHV;4402;11H-12H;171.678;3.9
689;110;100;PORTE DE CLICHY;2022-03-01;JOHV;4402;12H-13H;220.98039999999997;5.02
689;110;100;PORTE DE CLICHY;2022-03-01;JOHV;4402;13H-14H;198.09;4.5
689;110;100;PORTE DE CLICHY;2022-03-01;JOHV;4402;14H-15H;195.4488;4.44
689;110;100;PORTE DE CLICHY;2022-03-01;JOHV;4402;15H-16H;240.7894;5.47
689;110;100;PORTE DE CLICHY;2022-03-01;JOHV;4402;16H-17H;323.1068;7.34
689;110;100;PORTE DE CLICHY;2022-03-01;JOHV;4402;17H-18H;454.2864;10.32
689;110;100;PORTE DE CLICHY;2022-03-01;JOHV;4402;18H-19H;415.1086;9.43
689;110;100;PORTE DE CLICHY;2022-03-01;JOHV;4402;19H-20H;294.934;6.7
689;110;100;PORTE DE CLICHY;2022-03-01;JOHV;4402;1H-2H;3.9618;0.09
689;110;100;PORTE DE CLICHY;2022-03-01;JOHV;4402;20H-21H;171.678;3.9
689;110;100;PORTE DE CLICHY;2022-03-01;JOHV;4402;21H-22H;100.3656;2.28
689;110;100;PORTE DE CLICHY;2022-03-01;JOHV;4402;22H-23H;115.33239999999999;2.62
689;110;100;PORTE DE CLICHY;2022-03-01;JOHV;4402;23H-0H;101.24599999999998;2.3
689;110;100;PORTE DE CLICHY;2022-03-01;JOHV;4402;2H-3H;0.44020000000000004;0.01
689;110;100;PORTE DE CLICHY;2022-03-01;JOHV;4402;3H-4H;0.0;0.0
689;110;100;PORTE DE CLICHY;2022-03-01;JOHV;4402;4H-5H;0.44020000000000004;0.01
689;110;100;PORTE DE CLICHY;2022-03-01;JOHV;4402;5H-6H;48.422000000000004;1.1
689;110;100;PORTE DE CLICHY;2022-03-01;JOHV;4402;6H-7H;105.648;2.4
689;110;100;PORTE DE CLICHY;2022-03-01;JOHV;4402;7H-8H;312.98220000000003;7.11
689;110;100;PORTE DE CLICHY;2022-03-01;JOHV;4402;8H-9H;421.27139999999997;9.57
689;110;100;PORTE DE CLICHY;2022-03-01;JOHV;4402;9H-10H;288.33099999999996;6.55
689;110;100;PORTE DE CLICHY;2022-04-01;JOHV;4624;0H-1H;42.5408;0.92
689;110;100;PORTE DE CLICHY;2022-04-01;JOHV;4624;10H-11H;185.42239999999998;4.01
689;110;100;PORTE DE CLICHY;2022-04-01;JOHV;4624;11H-12H;180.33599999999998;3.9
689;110;100;PORTE DE CLICHY;2022-04-01;JOHV;4624;12H-13H;232.1248;5.02
689;110;100;PORTE DE CLICHY;2022-04-01;JOHV;4624;13H-14H;208.08;4.5
689;110;100;PORTE DE CLICHY;2022-04-01;JOHV;4624;14H-15H;205.30560000000003;4.44
689;110;100;PORTE DE CLICHY;2022-04-01;JOHV;4624;15H-16H;252.9328;5.47
689;110;100;PORTE DE CLICHY;2022-04-01;JOHV;4624;16H-17H;339.4016;7.34
689;110;100;PORTE DE CLICHY;2022-04-01;JOHV;4624;17H-18H;477.1968;10.32
689;110;100;PORTE DE CLICHY;2022-04-01;JOHV;4624;18H-19H;436.0432;9.43
689;110;100;PORTE DE CLICHY;2022-04-01;JOHV;4624;19H-20H;309.808;6.7
689;110;100;PORTE DE CLICHY;2022-04-01;JOHV;4624;1H-2H;4.1616;0.09
689;110;100;PORTE DE CLICHY;2022-04-01;JOHV;4624;20H-21H;180.33599999999998;3.9
689;110;100;PORTE DE CLICHY;2022-04-01;JOHV;4624;21H-22H;105.4272;2.28
689;110;100;PORTE DE CLICHY;2022-04-01;JOHV;4624;22H-23H;121.14880000000001;2.62
689;110;100;PORTE DE CLICHY;2022-04-01;JOHV;4624;23H-0H;106.35199999999999;2.3
689;110;100;PORTE DE CLICHY;2022-04-01;JOHV;4624;2H-3H;0.46240000000000003;0.01
689;110;100;PORTE DE CLICHY;2022-04-01;JOHV;4624;3H-4H;0.0;0.0
689;110;100;PORTE DE CLICHY;2022-04-01;JOHV;4624;4H-5H;0.46240000000000003;0.01
689;110;100;PORTE DE CLICHY;2022-04-01;JOHV;4624;5H-6H;50.864000000000004;1.1
689;110;100;PORTE DE CLICHY;2022-04-01;JOHV;4624;6H-7H;110.976;2.4
689;110;100;PORTE DE CLICHY;2022-04-01;JOHV;4624;7H-8H;328.7664;7.11
689;110;100;PORTE DE CLICHY;2022-04-01;JOHV;4624;8H-9H;442.5168;9.57
689;110;100;PORTE DE CLICHY;2022-04-01;JOHV;4624;9H-10H;302.872;6.55
689;110;100;PORTE DE CLICHY;2022-05-01;DIJFP;4593;0H-1H;70.27289999999999;1.53
689;110;100;PORTE DE CLICHY;2022-05-01;DIJFP;4593;10H-11H;212.1966;4.62
689;110;100;PORTE DE CLICHY;2022-05-01;DIJFP;4593;11H-12H;258.1266;5.62
689;110;100;PORTE DE CLICHY;2022-05-01;DIJFP;4593;12H-13H;285.6846;6.22
689;110;100;PORTE DE CLICHY;2022-05-01;DIJFP;4593;13H-14H;284.766;6.2
689;110;100;PORTE DE CLICHY;2022-05-01;DIJFP;4593;14H-15H;315.07980000000003;6.86
689;110;100;PORTE DE CLICHY;2022-05-01;DIJFP;4593;15H-16H;326.56230000000005;7.11
689;110;100;PORTE DE CLICHY;2022-05-01;DIJFP;4593;16H-17H;325.1844;7.08
689;110;100;PORTE DE CLICHY;2022-05-01;DIJFP;4593;17H-18H;368.3586;8.02
689;110;100;PORTE DE CLICHY;2022-05-01;DIJFP;4593;18H-19H;386.2713;8.41
689;110;100;PORTE DE CLICHY;2022-05-01;DIJFP;4593;19H-20H;313.70189999999997;6.83
689;110;100;PORTE DE CLICHY;2022-05-01;DIJFP;4593;1H-2H;3.2151000000000005;0.07
689;110;100;PORTE DE CLICHY;2022-05-01;DIJFP;4593;20H-21H;228.73140000000004;4.98
689;110;100;PORTE DE CLICHY;2022-05-01;DIJFP;4593;21H-22H;152.0283;3.31
689;110;100;PORTE DE CLICHY;2022-05-01;DIJFP;4593;22H-23H;179.58630000000002;3.91
689;110;100;PORTE DE CLICHY;2022-05-01;DIJFP;4593;23H-0H;164.4294;3.58
689;110;100;PORTE DE CLICHY;2022-05-01;DIJFP;4593;2H-3H;0.4593;0.01
689;110;100;PORTE DE CLICHY;2022-05-01;DIJFP;4593;3H-4H;0.4593;0.01
689;110;100;PORTE DE CLICHY;2022-05-01;DIJFP;4593;5H-6H;61.546200000000006;1.34
689;110;100;PORTE DE CLICHY;2022-05-01;DIJFP;4593;6H-7H;127.68539999999999;2.78
689;110;100;PORTE DE CLICHY;2022-05-01;DIJFP;4593;7H-8H;157.0806;3.42
689;110;100;PORTE DE CLICHY;2022-05-01;DIJFP;4593;8H-9H;175.91189999999997;3.83
689;110;100;PORTE DE CLICHY;2022-05-01;DIJFP;4593;9H-10H;196.5804;4.28
689;110;100;PORTE DE CLICHY;2022-06-01;JOHV;4521;0H-1H;41.5932;0.92
689;110;100;PORTE DE CLICHY;2022-06-01;JOHV;4521;10H-11H;181.2921;4.01
689;110;100;PORTE DE CLICHY;2022-06-01;JOHV;4521;11H-12H;176.319;3.9
689;110;100;PORTE DE CLICHY;2022-06-01;JOHV;4521;12H-13H;226.9542;5.02
689;110;100;PORTE DE CLICHY;2022-06-01;JOHV;4521;13H-14H;203.445;4.5
689;110;100;PORTE DE CLICHY;2022-06-01;JOHV;4521;14H-15H;200.7324;4.44
689;110;100;PORTE DE CLICHY;2022-06-01;JOHV;4521;15H-16H;247.2987;5.47
689;110;100;PORTE DE CLICHY;2022-06-01;JOHV;4521;16H-17H;331.8414;7.34
689;110;100;PORTE DE CLICHY;2022-06-01;JOHV;4521;17H-18H;466.5672;10.32
689;110;100;PORTE DE CLICHY;2022-06-01;JOHV;4521;18H-19H;426.33029999999997;9.43
689;110;100;PORTE DE CLICHY;2022-06-01;JOHV;4521;19H-20H;302.907;6.7
689;110;100;PORTE DE CLICHY;2022-06-01;JOHV;4521;1H-2H;4.0689;0.09
689;110;100;PORTE DE CLICHY;2022-06-01;JOHV;4521;20H-21H;176.319;3.9
689;110;100;PORTE DE CLICHY;2022-06-01;JOHV;4521;21H-22H;103.07879999999999;2.28
689;110;100;PORTE DE CLICHY;2022-06-01;JOHV;4521;22H-23H;118.45020000000001;2.62
689;110;100;PORTE DE CLICHY;2022-06-01;JOHV;4521;23H-0H;103.98299999999999;2.3
689;110;100;PORTE DE CLICHY;2022-06-01;JOHV;4521;2H-3H;0.4521;0.01
689;110;100;PORTE DE CLICHY;2022-06-01;JOHV;4521;3H-4H;0.0;0.0
689;110;100;PORTE DE CLICHY;2022-06-01;JOHV;4521;4H-5H;0.4521;0.01
689;110;100;PORTE DE CLICHY;2022-06-01;JOHV;4521;5H-6H;49.731;1.1
689;110;100;PORTE DE CLICHY;2022-06-01;JOHV;4521;6H-7H;108.50399999999999;2.4
689;110;100;PORTE DE CLICHY;2022-06-01;JOHV;4521;7H-8H;321.4431;7.11
689;110;100;PORTE DE CLICHY;2022-06-01;JOHV;4521;8H-9H;432.6597;9.57
689;110;100;PORTE DE CLICHY;2022-06-01;JOHV;4521;9H-10H;296.1255;6.55
689;110;100;PORTE DE CLICHY;2022-07-01;JOHV;4460;0H-1H;41.032;0.92
689;110;100;PORTE DE CLICHY;2022-07-01;JOHV;4460;10H-11H;178.84599999999998;4.01
689;110;100;PORTE DE CLICHY;2022-07-01;JOHV;4460;11H-12H;173.94;3.9
689;110;100;PORTE DE CLICHY;2022-07-01;JOHV;4460;12H-13H;223.89199999999997;5.02
689;110;100;PORTE DE CLICHY;2022-07-01;JOHV;4460;13H-14H;200.7;4.5
689;110;100;PORTE DE CLICHY;2022-07-01;JOHV;4460;14H-15H;198.024;4.44
689;110;100;PORTE DE CLICHY;2022-07-01;JOHV;4460;15H-16H;243.96199999999996;5.47
689;110;100;PORTE DE CLICHY;2022-07-01;JOHV;4460;16H-17H;327.364;7.34
689;110;100;PORTE DE CLICHY;2022-07-01;JOHV;4460;17H-18H;460.27200000000005;10.32
689;110;100;PORTE DE CLICHY;2022-07-01;JOHV;4460;18H-19H;420.578;9.43
689;110;100;PORTE DE CLICHY;2022-07-01;JOHV;4460;19H-20H;298.82;6.7
689;110;100;PORTE DE CLICHY;2022-07-01;JOHV;4460;1H-2H;4.013999999999999;0.09
689;110;100;PORTE DE CLICHY;2022-07-01;JOHV;4460;20H-21H;173.94;3.9
689;110;100;PORTE DE CLICHY;2022-07-01;JOHV;4460;21H-22H;101.68799999999999;2.28
689;110;100;PORTE DE CLICHY;2022-07-01;JOHV;4460;22H-23H;116.852;2.62
689;110;100;PORTE DE CLICHY;2022-07-01;JOHV;4460;23H-0H;102.58;2.3
689;110;100;PORTE DE CLICHY;2022-07-01;JOHV;4460;2H-3H;0.446;0.01
689;110;100;PORTE DE CLICHY;2022-07-01;JOHV;4460;3H-4H;0.0;0.0
689;110;100;PORTE DE CLICHY;2022-07-01;JOHV;4460;4H-5H;0.446;0.01
689;110;100;PORTE DE CLICHY;2022-07-01;JOHV;4460;5H-6H;49.06;1.1
689;110;100;PORTE DE CLICHY;2022-07-01;JOHV;4460;6H-7H;107.04;2.4
689;110;100;PORTE DE CLICHY;2022-07-01;JOHV;4460;7H-8H;317.106;7.11
689;110;100;PORTE DE CLICHY;2022-07-01;JOHV;4460;8H-9H;426.82200000000006;9.57
689;110;100;PORTE DE CLICHY;2022-07-01;JOHV;4460;9H-10H;292.13;6.55
689;110;100;PORTE DE CLICHY;2022-08-01;JOHV;2962;0H-1H;27.2504;0.92
689;110;100;PORTE DE CLICHY;2022-08-01;JOHV;2962;10H-11H;118.77619999999999;4.01
689;110;100;PORTE DE CLICHY;2022-08-01;JOHV;2962;11H-12H;115.51799999999999;3.9
689;110;100;PORTE DE CLICHY;2022-08-01;JOHV;2962;12H-13H;148.6924;5.02
689;110;100;PORTE DE CLICHY;2022-08-01;JOHV;2962;13H-14H;133.29;4.5
689;110;100;PORTE DE CLICHY;2022-08-01;JOHV;2962;14H-15H;131.5128;4.44
689;110;100;PORTE DE CLICHY;2022-08-01;JOHV;2962;15H-16H;162.0214;5.47
689;110;100;PORTE DE CLICHY;2022-08-01;JOHV;2962;16H-17H;217.4108;7.34
689;110;100;PORTE DE CLICHY;2022-08-01;JOHV;2962;17H-18H;305.6784;10.32
689;110;100;PORTE DE CLICHY;2022-08-01;JOHV;2962;18H-19H;279.3166;9.43
689;110;100;PORTE DE CLICHY;2022-08-01;JOHV;2962;19H-20H;198.454;6.7
689;110;100;PORTE DE CLICHY;2022-08-01;JOHV;2962;1H-2H;2.6658;0.09
689;110;100;PORTE DE CLICHY;2022-08-01;JOHV;2962;20H-21H;115.51799999999999;3.9
689;110;100;PORTE DE CLICHY;2022-08-01;JOHV;2962;21H-22H;67.53359999999999;2.28
689;110;100;PORTE DE CLICHY;2022-08-01;JOHV;2962;22H-23H;77.6044;2.62
689;110;100;PORTE DE CLICHY;2022-08-01;JOHV;2962;23H-0H;68.12599999999999;2.3
689;110;100;PORTE DE CLICHY;2022-08-01;JOHV;2962;2H-3H;0.2962;0.01
689;110;100;PORTE DE CLICHY;2022-08-01;JOHV;2962;3H-4H;0.0;0.0
689;110;100;PORTE DE CLICHY;2022-08-01;JOHV;2962;4H-5H;0.2962;0.01
689;110;100;PORTE DE CLICHY;2022-08-01;JOHV;2962;5H-6H;32.582;1.1
689;110;100;PORTE DE CLICHY;2022-08-01;JOHV;2962;6H-7H;71.08800000000001;2.4
689;110;100;PORTE DE CLICHY;2022-08-01;JOHV;2962;7H-8H;210.5982;7.11
689;110;100;PORTE DE CLICHY;2022-08-01;JOHV;2962;8H-9H;283.4634;9.57
689;110;100;PORTE DE CLICHY;2022-08-01;JOHV;2962;9H-10H;194.011;6.55
689;110;100;PORTE DE CLICHY;2022-09-01;JOHV;2086;0H-1H;19.191200000000002;0.92
689;110;100;PORTE DE CLICHY;2022-09-01;JOHV;2086;10H-11H;83.64859999999999;4.01
689;110;100;PORTE DE CLICHY;2022-09-01;JOHV;2086;11H-12H;81.354;3.9
689;110;100;PORTE DE CLICHY;2022-09-01;JOHV;2086;12H-13H;104.71719999999999;5.02
689;110;100;PORTE DE CLICHY;2022-09-01;JOHV;2086;13H-14H;93.87;4.5
689;110;100;PORTE DE CLICHY;2022-09-01;JOHV;2086;14H-15H;92.61840000000001;4.44
689;110;100;PORTE DE CLICHY;2022-09-01;JOHV;2086;15H-16H;114.1042;5.47
689;110;100;PORTE DE CLICHY;2022-09-01;JOHV;2086;16H-17H;153.1124;7.34
689;110;100;PORTE DE CLICHY;2022-09-01;JOHV;2086;17H-18H;215.2752;10.32
689;110;100;PORTE DE CLICHY;2022-09-01;JOHV;2086;18H-19H;196.7098;9.43
689;110;100;PORTE DE CLICHY;2022-09-01;JOHV;2086;19H-20H;139.762;6.7
689;110;100;PORTE DE CLICHY;2022-09-01;JOHV;2086;1H-2H;1.8773999999999997;0.09
689;110;100;PORTE DE CLICHY;2022-09-01;JOHV;2086;20H-21H;81.354;3.9
689;110;100;PORTE DE CLICHY;2022-09-01;JOHV;2086;21H-22H;47.5608;2.28
689;110;100;PORTE DE CLICHY;2022-09-01;JOHV;2086;22H-23H;54.653200000000005;2.62
689;110;100;PORTE DE CLICHY;2022-09-01;JOHV;2086;23H-0H;47.977999999999994;2.3
689;110;100;PORTE DE CLICHY;2022-09-01;JOHV;2086;2H-3H;0.2086;0.01
689;110;100;PORTE DE CLICHY;2022-09-01;JOHV;2086;3H-4H;0.0;0.0
689;110;100;PORTE DE CLICHY;2022-09-01;JOHV;2086;4H-5H;0.2086;0.01
689;110;100;PORTE DE CLICHY;2022-09-01;JOHV;2086;5H-6H;22.946000000000005;1.1
689;110;100;PORTE DE CLICHY;2022-09-01;JOHV;2086;6H-7H;50.06399999999999;2.4
689;110;100;PORTE DE CLICHY;2022-09-01;JOHV;2086;7H-8H;148.3146;7.11
689;110;100;PORTE DE CLICHY;2022-09-01;JOHV;2086;8H-9H;199.6302;9.57
689;110;100;PORTE DE CLICHY;2022-09-01;JOHV;2086;9H-10H;136.63299999999998;6.55
689;110;100;PTE DE CLICHY ;2022-01-01;SAHV;3038;0H-1H;36.455999999999996;1.2
689;110;100;PTE DE CLICHY ;2022-01-01;SAHV;3038;10H-11H;154.6342;5.09
689;110;100;PTE DE CLICHY ;2022-01-01;SAHV;3038;11H-12H;183.1914;6.03
689;110;100;PTE DE CLICHY ;2022-01-01;SAHV;3038;12H-13H;221.16639999999998;7.28
689;110;100;PTE DE CLICHY ;2022-01-01;SAHV;3038;13H-14H;208.10299999999998;6.85
689;110;100;PTE DE CLICHY ;2022-01-01;SAHV;3038;14H-15H;218.43220000000002;7.19
689;110;100;PTE DE CLICHY ;2022-01-01;SAHV;3038;15H-16H;240.9134;7.93
689;110;100;PTE DE CLICHY ;2022-01-01;SAHV;3038;16H-17H;224.5082;7.39
689;110;100;PTE DE CLICHY ;2022-01-01;SAHV;3038;17H-18H;223.293;7.35
689;110;100;PTE DE CLICHY ;2022-01-01;SAHV;3038;18H-19H;223.293;7.35
689;110;100;PTE DE CLICHY ;2022-01-01;SAHV;3038;19H-20H;205.36880000000002;6.76
689;110;100;PTE DE CLICHY ;2022-01-01;SAHV;3038;1H-2H;15.19;0.5
689;110;100;PTE DE CLICHY ;2022-01-01;SAHV;3038;20H-21H;151.5962;4.99
689;110;100;PTE DE CLICHY ;2022-01-01;SAHV;3038;21H-22H;102.68440000000001;3.38
689;110;100;PTE DE CLICHY ;2022-01-01;SAHV;3038;22H-23H;76.55760000000001;2.52
689;110;100;PTE DE CLICHY ;2022-01-01;SAHV;3038;23H-0H;62.278999999999996;2.05
689;110;100;PTE DE CLICHY ;2022-01-01;SAHV;3038;2H-3H;1.5190000000000001;0.05
689;110;100;PTE DE CLICHY ;2022-01-01;SAHV;3038;3H-4H;0.3038;0.01
689;110;100;PTE DE CLICHY ;2022-01-01;SAHV;3038;4H-5H;4.2532000000000005;0.14
689;110;100;PTE DE CLICHY ;2022-01-01;SAHV;3038;5H-6H;40.40540000000001;1.33
689;110;100;PTE DE CLICHY ;2022-01-01;SAHV;3038;6H-7H;73.2158;2.41
689;110;100;PTE DE CLICHY ;2022-01-01;SAHV;3038;7H-8H;103.29199999999999;3.4
689;110;100;PTE DE CLICHY ;2022-01-01;SAHV;3038;8H-9H;122.7352;4.04
689;110;100;PTE DE CLICHY ;2022-01-01;SAHV;3038;9H-10H;144.9126;4.77
689;110;100;PTE DE CLICHY ;2022-02-01;JOHV;4646;0H-1H;12.079600000000001;0.26
689;110;100;PTE DE CLICHY ;2022-02-01;JOHV;4646;10H-11H;180.72940000000003;3.89
689;110;100;PTE DE CLICHY ;2022-02-01;JOHV;4646;11H-12H;184.9108;3.98
689;110;100;PTE DE CLICHY ;2022-02-01;JOHV;4646;12H-13H;229.977;4.95
689;110;100;PTE DE CLICHY ;2022-02-01;JOHV;4646;13H-14H;196.99040000000002;4.24
689;110;100;PTE DE CLICHY ;2022-02-01;JOHV;4646;14H-15H;208.6054;4.49
689;110;100;PTE DE CLICHY ;2022-02-01;JOHV;4646;15H-16H;284.3352;6.12
689;110;100;PTE DE CLICHY ;2022-02-01;JOHV;4646;16H-17H;406.525;8.75
689;110;100;PTE DE CLICHY ;2022-02-01;JOHV;4646;17H-18H;567.2766;12.21
689;110;100;PTE DE CLICHY ;2022-02-01;JOHV;4646;18H-19H;522.2104;11.24
689;110;100;PTE DE CLICHY ;2022-02-01;JOHV;4646;19H-20H;328.00759999999997;7.06
689;110;100;PTE DE CLICHY ;2022-02-01;JOHV;4646;1H-2H;4.1814;0.09
689;110;100;PTE DE CLICHY ;2022-02-01;JOHV;4646;20H-21H;167.7206;3.61
689;110;100;PTE DE CLICHY ;2022-02-01;JOHV;4646;21H-22H;103.6058;2.23
689;110;100;PTE DE CLICHY ;2022-02-01;JOHV;4646;22H-23H;48.783;1.05
689;110;100;PTE DE CLICHY ;2022-02-01;JOHV;4646;23H-0H;26.0176;0.56
689;110;100;PTE DE CLICHY ;2022-02-01;JOHV;4646;2H-3H;0.4646;0.01
689;110;100;PTE DE CLICHY ;2022-02-01;JOHV;4646;3H-4H;0.0;0.0
689;110;100;PTE DE CLICHY ;2022-02-01;JOHV;4646;4H-5H;4.1814;0.09
689;110;100;PTE DE CLICHY ;2022-02-01;JOHV;4646;5H-6H;71.5484;1.54
689;110;100;PTE DE CLICHY ;2022-02-01;JOHV;4646;6H-7H;124.9774;2.69
689;110;100;PTE DE CLICHY ;2022-02-01;JOHV;4646;7H-8H;262.9636;5.66
689;110;100;PTE DE CLICHY ;2022-02-01;JOHV;4646;8H-9H;416.74620000000004;8.97
689;110;100;PTE DE CLICHY ;2022-02-01;JOHV;4646;9H-10H;293.1626;6.31
689;110;100;PTE DE CLICHY ;2022-03-01;JOHV;12656;0H-1H;32.9056;0.26
689;110;100;PTE DE CLICHY ;2022-03-01;JOHV;12656;10H-11H;492.31840000000005;3.89
689;110;100;PTE DE CLICHY ;2022-03-01;JOHV;12656;11H-12H;503.7088;3.98
689;110;100;PTE DE CLICHY ;2022-03-01;JOHV;12656;12H-13H;626.4720000000001;4.95
689;110;100;PTE DE CLICHY ;2022-03-01;JOHV;12656;13H-14H;536.6144;4.24
689;110;100;PTE DE CLICHY ;2022-03-01;JOHV;12656;14H-15H;568.2544;4.49
689;110;100;PTE DE CLICHY ;2022-03-01;JOHV;12656;15H-16H;774.5472;6.12
689;110;100;PTE DE CLICHY ;2022-03-01;JOHV;12656;16H-17H;1107.4;8.75
689;110;100;PTE DE CLICHY ;2022-03-01;JOHV;12656;17H-18H;1545.2976;12.21
689;110;100;PTE DE CLICHY ;2022-03-01;JOHV;12656;18H-19H;1422.5344;11.24
689;110;100;PTE DE CLICHY ;2022-03-01;JOHV;12656;19H-20H;893.5136;7.06
689;110;100;PTE DE CLICHY ;2022-03-01;JOHV;12656;1H-2H;11.3904;0.09
689;110;100;PTE DE CLICHY ;2022-03-01;JOHV;12656;20H-21H;456.88159999999993;3.61
689;110;100;PTE DE CLICHY ;2022-03-01;JOHV;12656;21H-22H;282.22880000000004;2.23
689;110;100;PTE DE CLICHY ;2022-03-01;JOHV;12656;22H-23H;132.888;1.05
689;110;100;PTE DE CLICHY ;2022-03-01;JOHV;12656;23H-0H;70.87360000000001;0.56
689;110;100;PTE DE CLICHY ;2022-03-01;JOHV;12656;2H-3H;1.2656;0.01
689;110;100;PTE DE CLICHY ;2022-03-01;JOHV;12656;3H-4H;0.0;0.0
689;110;100;PTE DE CLICHY ;2022-03-01;JOHV;12656;4H-5H;11.3904;0.09
689;110;100;PTE DE CLICHY ;2022-03-01;JOHV;12656;5H-6H;194.90240000000003;1.54
689;110;100;PTE DE CLICHY ;2022-03-01;JOHV;12656;6H-7H;340.4464;2.69
689;110;100;PTE DE CLICHY ;2022-03-01;JOHV;12656;7H-8H;716.3296;5.66
689;110;100;PTE DE CLICHY ;2022-03-01;JOHV;12656;8H-9H;1135.2432000000001;8.97
689;110;100;PTE DE CLICHY ;2022-03-01;JOHV;12656;9H-10H;798.5936;6.31
689;110;100;PTE DE CLICHY ;2022-04-01;JOHV;13597;0H-1H;35.3522;0.26
689;110;100;PTE DE CLICHY ;2022-04-01;JOHV;13597;10H-11H;528.9233;3.89
689;110;100;PTE DE CLICHY ;2022-04-01;JOHV;13597;11H-12H;541.1605999999999;3.98
689;110;100;PTE DE CLICHY ;2022-04-01;JOHV;13597;12H-13H;673.0515;4.95
689;110;100;PTE DE CLICHY ;2022-04-01;JOHV;13597;13H-14H;576.5128000000001;4.24
689;110;100;PTE DE CLICHY ;2022-04-01;JOHV;13597;14H-15H;610.5053;4.49
689;110;100;PTE DE CLICHY ;2022-04-01;JOHV;13597;15H-16H;832.1364;6.12
689;110;100;PTE DE CLICHY ;2022-04-01;JOHV;13597;16H-17H;1189.7375;8.75
689;110;100;PTE DE CLICHY ;2022-04-01;JOHV;13597;17H-18H;1660.1937000000003;12.21
689;110;100;PTE DE CLICHY ;2022-04-01;JOHV;13597;18H-19H;1528.3028;11.24
689;110;100;PTE DE CLICHY ;2022-04-01;JOHV;13597;19H-20H;959.9481999999999;7.06
689;110;100;PTE DE CLICHY ;2022-04-01;JOHV;13597;1H-2H;12.2373;0.09
689;110;100;PTE DE CLICHY ;2022-04-01;JOHV;13597;20H-21H;490.8517;3.61
689;110;100;PTE DE CLICHY ;2022-04-01;JOHV;13597;21H-22H;303.2131;2.23
689;110;100;PTE DE CLICHY ;2022-04-01;JOHV;13597;22H-23H;142.76850000000002;1.05
689;110;100;PTE DE CLICHY ;2022-04-01;JOHV;13597;23H-0H;76.14320000000001;0.56
689;110;100;PTE DE CLICHY ;2022-04-01;JOHV;13597;2H-3H;1.3597;0.01
689;110;100;PTE DE CLICHY ;2022-04-01;JOHV;13597;3H-4H;0.0;0.0
689;110;100;PTE DE CLICHY ;2022-04-01;JOHV;13597;4H-5H;12.2373;0.09
689;110;100;PTE DE CLICHY ;2022-04-01;JOHV;13597;5H-6H;209.3938;1.54
689;110;100;PTE DE CLICHY ;2022-04-01;JOHV;13597;6H-7H;365.7593;2.69
689;110;100;PTE DE CLICHY ;2022-04-01;JOHV;13597;7H-8H;769.5902000000001;5.66
689;110;100;PTE DE CLICHY ;2022-04-01;JOHV;13597;8H-9H;1219.6509;8.97
689;110;100;PTE DE CLICHY ;2022-04-01;JOHV;13597;9H-10H;857.9707;6.31
689;110;100;PTE DE CLICHY ;2022-05-01;DIJFP;13469;0H-1H;37.7132;0.28
689;110;100;PTE DE CLICHY ;2022-05-01;DIJFP;13469;10H-11H;657.2872;4.88
689;110;100;PTE DE CLICHY ;2022-05-01;DIJFP;13469;11H-12H;856.6284;6.36
689;110;100;PTE DE CLICHY ;2022-05-01;DIJFP;13469;12H-13H;1004.7874;7.46
689;110;100;PTE DE CLICHY ;2022-05-01;DIJFP;13469;13H-14H;1062.7041;7.89
689;110;100;PTE DE CLICHY ;2022-05-01;DIJFP;13469;14H-15H;1171.8029999999999;8.7
689;110;100;PTE DE CLICHY ;2022-05-01;DIJFP;13469;15H-16H;1177.1906;8.74
689;110;100;PTE DE CLICHY ;2022-05-01;DIJFP;13469;16H-17H;1135.4367;8.43
689;110;100;PTE DE CLICHY ;2022-05-01;DIJFP;13469;17H-18H;1193.3534;8.86
689;110;100;PTE DE CLICHY ;2022-05-01;DIJFP;13469;18H-19H;1135.4367;8.43
689;110;100;PTE DE CLICHY ;2022-05-01;DIJFP;13469;19H-20H;973.8087;7.23
689;110;100;PTE DE CLICHY ;2022-05-01;DIJFP;13469;1H-2H;18.8566;0.14
689;110;100;PTE DE CLICHY ;2022-05-01;DIJFP;13469;20H-21H;661.3279000000001;4.91
689;110;100;PTE DE CLICHY ;2022-05-01;DIJFP;13469;21H-22H;475.4557;3.53
689;110;100;PTE DE CLICHY ;2022-05-01;DIJFP;13469;22H-23H;176.44389999999999;1.31
689;110;100;PTE DE CLICHY ;2022-05-01;DIJFP;13469;23H-0H;79.46709999999999;0.59
689;110;100;PTE DE CLICHY ;2022-05-01;DIJFP;13469;2H-3H;2.6938;0.02
689;110;100;PTE DE CLICHY ;2022-05-01;DIJFP;13469;3H-4H;1.3469;0.01
689;110;100;PTE DE CLICHY ;2022-05-01;DIJFP;13469;5H-6H;121.221;0.9
689;110;100;PTE DE CLICHY ;2022-05-01;DIJFP;13469;6H-7H;238.40130000000002;1.77
689;110;100;PTE DE CLICHY ;2022-05-01;DIJFP;13469;7H-8H;332.6843;2.47
689;110;100;PTE DE CLICHY ;2022-05-01;DIJFP;13469;8H-9H;395.9886;2.94
689;110;100;PTE DE CLICHY ;2022-05-01;DIJFP;13469;9H-10H;530.6786;3.94
689;110;100;PTE DE CLICHY ;2022-06-01;JOHV;14269;0H-1H;37.0994;0.26
689;110;100;PTE DE CLICHY ;2022-06-01;JOHV;14269;10H-11H;555.0641;3.89
689;110;100;PTE DE CLICHY ;2022-06-01;JOHV;14269;11H-12H;567.9062;3.98
689;110;100;PTE DE CLICHY ;2022-06-01;JOHV;14269;12H-13H;706.3155;4.95
689;110;100;PTE DE CLICHY ;2022-06-01;JOHV;14269;13H-14H;605.0056000000001;4.24
689;110;100;PTE DE CLICHY ;2022-06-01;JOHV;14269;14H-15H;640.6781000000001;4.49
689;110;100;PTE DE CLICHY ;2022-06-01;JOHV;14269;15H-16H;873.2628;6.12
689;110;100;PTE DE CLICHY ;2022-06-01;JOHV;14269;16H-17H;1248.5375;8.75
689;110;100;PTE DE CLICHY ;2022-06-01;JOHV;14269;17H-18H;1742.2449000000001;12.21
689;110;100;PTE DE CLICHY ;2022-06-01;JOHV;14269;18H-19H;1603.8355999999999;11.24
689;110;100;PTE DE CLICHY ;2022-06-01;JOHV;14269;19H-20H;1007.3914;7.06
689;110;100;PTE DE CLICHY ;2022-06-01;JOHV;14269;1H-2H;12.8421;0.09
689;110;100;PTE DE CLICHY ;2022-06-01;JOHV;14269;20H-21H;515.1109;3.61
689;110;100;PTE DE CLICHY ;2022-06-01;JOHV;14269;21H-22H;318.1987;2.23
689;110;100;PTE DE CLICHY ;2022-06-01;JOHV;14269;22H-23H;149.8245;1.05
689;110;100;PTE DE CLICHY ;2022-06-01;JOHV;14269;23H-0H;79.9064;0.56
689;110;100;PTE DE CLICHY ;2022-06-01;JOHV;14269;2H-3H;1.4269;0.01
689;110;100;PTE DE CLICHY ;2022-06-01;JOHV;14269;3H-4H;0.0;0.0
689;110;100;PTE DE CLICHY ;2022-06-01;JOHV;14269;4H-5H;12.8421;0.09
689;110;100;PTE DE CLICHY ;2022-06-01;JOHV;14269;5H-6H;219.7426;1.54
689;110;100;PTE DE CLICHY ;2022-06-01;JOHV;14269;6H-7H;383.8361;2.69
689;110;100;PTE DE CLICHY ;2022-06-01;JOHV;14269;7H-8H;807.6254000000001;5.66
689;110;100;PTE DE CLICHY ;2022-06-01;JOHV;14269;8H-9H;1279.9293;8.97
689;110;100;PTE DE CLICHY ;2022-06-01;JOHV;14269;9H-10H;900.3739;6.31
689;110;100;PTE DE CLICHY ;2022-07-01;JOHV;13691;0H-1H;35.5966;0.26
689;110;100;PTE DE CLICHY ;2022-07-01;JOHV;13691;10H-11H;532.5799000000001;3.89
689;110;100;PTE DE CLICHY ;2022-07-01;JOHV;13691;11H-12H;544.9018;3.98
689;110;100;PTE DE CLICHY ;2022-07-01;JOHV;13691;12H-13H;677.7044999999999;4.95
689;110;100;PTE DE CLICHY ;2022-07-01;JOHV;13691;13H-14H;580.4984000000001;4.24
689;110;100;PTE DE CLICHY ;2022-07-01;JOHV;13691;14H-15H;614.7259;4.49
689;110;100;PTE DE CLICHY ;2022-07-01;JOHV;13691;15H-16H;837.8892;6.12
689;110;100;PTE DE CLICHY ;2022-07-01;JOHV;13691;16H-17H;1197.9625;8.75
689;110;100;PTE DE CLICHY ;2022-07-01;JOHV;13691;17H-18H;1671.6711000000003;12.21
689;110;100;PTE DE CLICHY ;2022-07-01;JOHV;13691;18H-19H;1538.8684;11.24
689;110;100;PTE DE CLICHY ;2022-07-01;JOHV;13691;19H-20H;966.5845999999999;7.06
689;110;100;PTE DE CLICHY ;2022-07-01;JOHV;13691;1H-2H;12.321900000000001;0.09
689;110;100;PTE DE CLICHY ;2022-07-01;JOHV;13691;20H-21H;494.2450999999999;3.61
689;110;100;PTE DE CLICHY ;2022-07-01;JOHV;13691;21H-22H;305.3093;2.23
689;110;100;PTE DE CLICHY ;2022-07-01;JOHV;13691;22H-23H;143.7555;1.05
689;110;100;PTE DE CLICHY ;2022-07-01;JOHV;13691;23H-0H;76.6696;0.56
689;110;100;PTE DE CLICHY ;2022-07-01;JOHV;13691;2H-3H;1.3691;0.01
689;110;100;PTE DE CLICHY ;2022-07-01;JOHV;13691;3H-4H;0.0;0.0
689;110;100;PTE DE CLICHY ;2022-07-01;JOHV;13691;4H-5H;12.321900000000001;0.09
689;110;100;PTE DE CLICHY ;2022-07-01;JOHV;13691;5H-6H;210.8414;1.54
689;110;100;PTE DE CLICHY ;2022-07-01;JOHV;13691;6H-7H;368.28790000000004;2.69
689;110;100;PTE DE CLICHY ;2022-07-01;JOHV;13691;7H-8H;774.9105999999999;5.66
689;110;100;PTE DE CLICHY ;2022-07-01;JOHV;13691;8H-9H;1228.0827;8.97
689;110;100;PTE DE CLICHY ;2022-07-01;JOHV;13691;9H-10H;863.9020999999999;6.31
689;110;100;PTE DE CLICHY ;2022-08-01;JOHV;8447;0H-1H;21.962200000000003;0.26
689;110;100;PTE DE CLICHY ;2022-08-01;JOHV;8447;10H-11H;328.5883;3.89
689;110;100;PTE DE CLICHY ;2022-08-01;JOHV;8447;11H-12H;336.19059999999996;3.98
689;110;100;PTE DE CLICHY ;2022-08-01;JOHV;8447;12H-13H;418.1265;4.95
689;110;100;PTE DE CLICHY ;2022-08-01;JOHV;8447;13H-14H;358.1528;4.24
689;110;100;PTE DE CLICHY ;2022-08-01;JOHV;8447;14H-15H;379.27029999999996;4.49
689;110;100;PTE DE CLICHY ;2022-08-01;JOHV;8447;15H-16H;516.9564;6.12
689;110;100;PTE DE CLICHY ;2022-08-01;JOHV;8447;16H-17H;739.1125;8.75
689;110;100;PTE DE CLICHY ;2022-08-01;JOHV;8447;17H-18H;1031.3787000000002;12.21
689;110;100;PTE DE CLICHY ;2022-08-01;JOHV;8447;18H-19H;949.4428;11.24
689;110;100;PTE DE CLICHY ;2022-08-01;JOHV;8447;19H-20H;596.3582;7.06
689;110;100;PTE DE CLICHY ;2022-08-01;JOHV;8447;1H-2H;7.6023000000000005;0.09
689;110;100;PTE DE CLICHY ;2022-08-01;JOHV;8447;20H-21H;304.9367;3.61
689;110;100;PTE DE CLICHY ;2022-08-01;JOHV;8447;21H-22H;188.36810000000003;2.23
689;110;100;PTE DE CLICHY ;2022-08-01;JOHV;8447;22H-23H;88.6935;1.05
689;110;100;PTE DE CLICHY ;2022-08-01;JOHV;8447;23H-0H;47.303200000000004;0.56
689;110;100;PTE DE CLICHY ;2022-08-01;JOHV;8447;2H-3H;0.8447;0.01
689;110;100;PTE DE CLICHY ;2022-08-01;JOHV;8447;3H-4H;0.0;0.0
689;110;100;PTE DE CLICHY ;2022-08-01;JOHV;8447;4H-5H;7.6023000000000005;0.09
689;110;100;PTE DE CLICHY ;2022-08-01;JOHV;8447;5H-6H;130.0838;1.54
689;110;100;PTE DE CLICHY ;2022-08-01;JOHV;8447;6H-7H;227.2243;2.69
689;110;100;PTE DE CLICHY ;2022-08-01;JOHV;8447;7H-8H;478.10020000000003;5.66
689;110;100;PTE DE CLICHY ;2022-08-01;JOHV;8447;8H-9H;757.6959000000002;8.97
689;110;100;PTE DE CLICHY ;2022-08-01;JOHV;8447;9H-10H;533.0057;6.31
689;110;100;PTE DE CLICHY ;2022-09-01;JOHV;5652;0H-1H;14.6952;0.26
689;110;100;PTE DE CLICHY ;2022-09-01;JOHV;5652;10H-11H;219.86280000000002;3.89
689;110;100;PTE DE CLICHY ;2022-09-01;JOHV;5652;11H-12H;224.9496;3.98
689;110;100;PTE DE CLICHY ;2022-09-01;JOHV;5652;12H-13H;279.774;4.95
689;110;100;PTE DE CLICHY ;2022-09-01;JOHV;5652;13H-14H;239.6448;4.24
689;110;100;PTE DE CLICHY ;2022-09-01;JOHV;5652;14H-15H;253.7748;4.49
689;110;100;PTE DE CLICHY ;2022-09-01;JOHV;5652;15H-16H;345.9024;6.12
689;110;100;PTE DE CLICHY ;2022-09-01;JOHV;5652;16H-17H;494.55;8.75
689;110;100;PTE DE CLICHY ;2022-09-01;JOHV;5652;17H-18H;690.1092;12.21
689;110;100;PTE DE CLICHY ;2022-09-01;JOHV;5652;18H-19H;635.2848;11.24
689;110;100;PTE DE CLICHY ;2022-09-01;JOHV;5652;19H-20H;399.03119999999996;7.06
689;110;100;PTE DE CLICHY ;2022-09-01;JOHV;5652;1H-2H;5.0868;0.09
689;110;100;PTE DE CLICHY ;2022-09-01;JOHV;5652;20H-21H;204.03719999999998;3.61
689;110;100;PTE DE CLICHY ;2022-09-01;JOHV;5652;21H-22H;126.0396;2.23
689;110;100;PTE DE CLICHY ;2022-09-01;JOHV;5652;22H-23H;59.346000000000004;1.05
689;110;100;PTE DE CLICHY ;2022-09-01;JOHV;5652;23H-0H;31.651200000000003;0.56
689;110;100;PTE DE CLICHY ;2022-09-01;JOHV;5652;2H-3H;0.5652;0.01
689;110;100;PTE DE CLICHY ;2022-09-01;JOHV;5652;3H-4H;0.0;0.0
689;110;100;PTE DE CLICHY ;2022-09-01;JOHV;5652;4H-5H;5.0868;0.09
689;110;100;PTE DE CLICHY ;2022-09-01;JOHV;5652;5H-6H;87.0408;1.54
689;110;100;PTE DE CLICHY ;2022-09-01;JOHV;5652;6H-7H;152.03879999999998;2.69
689;110;100;PTE DE CLICHY ;2022-09-01;JOHV;5652;7H-8H;319.90319999999997;5.66
689;110;100;PTE DE CLICHY ;2022-09-01;JOHV;5652;8H-9H;506.98440000000005;8.97
689;110;100;PTE DE CLICHY ;2022-09-01;JOHV;5652;9H-10H;356.64119999999997;6.31
